N,Tw_width,type_fft,signal_mode,SimpleMult,Min_PSNR_Real_dB,Min_PSNR_Imag_dB,Max_PSNR_Real_dB,Max_PSNR_Imag_dB,Avg_PSNR_Real_dB,Avg_PSNR_Imag_dB,Latency_FIFO,Latency_FILO
256,9,0,random,1,42.15,41.72,42.99,42.28,42.51,41.99,186,12986
1024,9,0,random,1,41.08,40.59,41.48,41.01,41.31,40.80,586,51786
4096,9,0,random,1,39.74,39.60,40.66,40.20,40.34,39.86,2138,206938
256,9,1,random,1,43.98,43.95,44.42,44.31,44.17,44.19,107,6507
1024,9,1,random,1,42.79,42.83,43.15,43.21,43.00,43.07,312,25912
4096,9,1,random,1,41.94,42.04,42.34,42.36,42.12,42.17,1093,103493
256,9,2,random,1,44.45,44.44,44.61,44.67,44.55,44.55,181,6581
1024,9,2,random,1,43.28,43.23,43.69,43.70,43.52,43.49,541,26141
4096,9,2,random,1,42.55,42.56,42.80,42.83,42.70,42.67,1909,104309
256,10,0,random,1,45.37,45.24,45.87,45.83,45.69,45.50,186,12986
1024,10,0,random,1,44.34,43.81,44.85,44.55,44.53,44.31,586,51786
4096,10,0,random,1,43.45,43.28,43.83,43.60,43.65,43.41,2138,206938
256,10,1,random,1,46.45,46.71,47.07,47.13,46.82,46.86,107,6507
1024,10,1,random,1,45.71,45.61,45.92,46.05,45.83,45.78,312,25912
4096,10,1,random,1,44.45,44.82,45.13,45.58,44.84,45.11,1093,103493
256,10,2,random,1,46.85,46.82,47.29,47.25,47.09,47.00,181,6581
1024,10,2,random,1,45.85,45.91,46.25,46.25,46.09,46.12,541,26141
4096,10,2,random,1,45.18,45.17,45.52,45.50,45.33,45.33,1909,104309
256,11,0,random,1,46.21,46.29,46.76,46.61,46.52,46.44,186,12986
1024,11,0,random,1,45.44,45.07,45.91,45.86,45.65,45.54,586,51786
4096,11,0,random,1,44.53,44.49,44.94,45.21,44.80,44.80,2138,206938
256,11,1,random,1,47.59,47.53,48.12,48.22,47.84,47.80,107,6507
1024,11,1,random,1,46.67,46.75,47.15,47.26,46.93,46.99,312,25912
4096,11,1,random,1,46.04,46.04,46.32,46.37,46.15,46.17,1093,103493
256,11,2,random,1,47.69,47.81,48.29,48.15,47.99,47.93,181,6581
1024,11,2,random,1,46.93,47.10,47.35,47.47,47.15,47.24,541,26141
4096,11,2,random,1,46.26,46.22,46.60,46.83,46.41,46.48,1909,104309
256,12,0,random,1,46.47,46.29,46.86,46.63,46.68,46.41,186,12986
1024,12,0,random,1,45.49,45.37,46.03,45.97,45.67,45.68,586,51786
4096,12,0,random,1,44.81,44.79,45.05,45.13,44.91,44.96,2138,206938
256,12,1,random,1,47.66,47.78,48.17,48.34,47.92,48.11,107,6507
1024,12,1,random,1,46.87,47.19,47.29,47.57,47.11,47.34,312,25912
4096,12,1,random,1,46.38,46.33,46.78,46.72,46.54,46.55,1093,103493
256,12,2,random,1,48.00,47.87,48.43,48.39,48.21,48.15,181,6581
1024,12,2,random,1,47.34,47.33,47.65,47.71,47.47,47.49,541,26141
4096,12,2,random,1,46.56,46.64,46.97,46.98,46.79,46.82,1909,104309
256,13,0,random,1,46.16,46.30,46.84,46.85,46.52,46.64,186,12986
1024,13,0,random,1,45.63,45.38,46.13,46.18,45.89,45.88,586,51786
4096,13,0,random,1,45.01,44.86,45.38,45.41,45.20,45.10,2138,206938
256,13,1,random,1,47.93,47.90,48.33,48.34,48.16,48.15,107,6507
1024,13,1,random,1,47.09,47.04,47.59,47.68,47.37,47.39,312,25912
4096,13,1,random,1,46.58,46.52,46.92,46.91,46.75,46.72,1093,103493
256,13,2,random,1,48.12,48.22,48.66,48.68,48.39,48.42,181,6581
1024,13,2,random,1,47.53,47.42,47.89,47.91,47.71,47.64,541,26141
4096,13,2,random,1,46.96,46.85,47.20,47.11,47.08,47.01,1909,104309
256,14,0,random,1,46.36,46.23,46.78,46.84,46.50,46.50,186,12986
1024,14,0,random,1,45.57,45.59,45.90,46.00,45.78,45.80,586,51786
4096,14,0,random,1,44.90,44.90,45.35,45.25,45.16,45.10,2138,206938
256,14,1,random,1,47.78,47.84,48.23,48.52,48.07,48.13,107,6507
1024,14,1,random,1,47.24,47.17,47.39,47.60,47.30,47.37,312,25912
4096,14,1,random,1,46.43,46.44,46.92,47.07,46.65,46.77,1093,103493
256,14,2,random,1,48.17,47.93,48.68,48.60,48.40,48.30,181,6581
1024,14,2,random,1,47.35,47.51,47.94,47.82,47.66,47.63,541,26141
4096,14,2,random,1,46.77,46.80,47.20,47.11,46.99,46.98,1909,104309
256,15,0,random,1,47.68,47.82,48.35,48.36,48.10,48.06,186,12986
1024,15,0,random,1,46.76,47.00,47.38,47.59,47.01,47.24,586,51786
4096,15,0,random,1,46.09,46.11,46.57,46.55,46.30,46.37,2138,206938
256,15,1,random,1,48.45,48.36,48.78,48.77,48.61,48.62,107,6507
1024,15,1,random,1,47.51,47.67,47.89,48.01,47.74,47.85,312,25912
4096,15,1,random,1,46.88,46.91,47.39,47.31,47.12,47.14,1093,103493
256,15,2,random,1,48.87,48.89,49.10,49.13,48.98,49.00,181,6581
1024,15,2,random,1,48.12,48.10,48.37,48.36,48.23,48.22,541,26141
4096,15,2,random,1,47.37,47.45,47.57,47.57,47.49,47.52,1909,104309
256,16,0,random,1,47.84,47.72,48.23,48.33,48.05,48.09,186,12986
1024,16,0,random,1,47.01,46.86,47.39,47.52,47.22,47.17,586,51786
4096,16,0,random,1,46.09,46.12,46.59,46.50,46.37,46.31,2138,206938
256,16,1,random,1,48.45,48.46,48.68,48.85,48.56,48.68,107,6507
1024,16,1,random,1,47.56,47.54,47.97,48.03,47.72,47.90,312,25912
4096,16,1,random,1,46.92,46.89,47.26,47.34,47.07,47.09,1093,103493
256,16,2,random,1,48.92,48.95,49.12,49.07,48.99,49.02,181,6581
1024,16,2,random,1,48.12,48.17,48.33,48.24,48.22,48.21,541,26141
4096,16,2,random,1,47.46,47.48,47.58,47.59,47.52,47.53,1909,104309
