N,Data_width,Tw_width,type_fft,SimpleMult,Fast_DSP,carry_save,Bram,CSHM,LUTs,Registers,DSPs,BRAMs,WNS_ns,TNS_ns,Power_W
256,14,13,0,1,0,0,0,1,12631,9522,0,0,-0.459,-112.235,2.208
256,14,13,0,1,0,1,0,0,11781,32500,0,0,-0.317,-25.429,2.752
256,14,13,0,0,0,1,0,0,10246,27207,0,0,-0.434,-11.981,2.358
256,15,13,1,1,0,0,0,1,17256,13425,0,0,-0.522,-196.112,3.242
256,15,13,1,1,0,1,0,0,15999,44545,0,0,-0.254,-27.076,4.022
256,15,13,1,0,0,1,0,0,13923,37954,0,0,-0.433,-15.412,3.543
256,21,13,2,1,0,0,0,1,27425,23789,0,0,-0.676,-1047.31,4.589
256,21,13,2,1,0,1,0,0,25262,68374,0,0,-0.357,-24.986,5.478
256,21,13,2,0,0,1,0,0,22468,57628,0,0,-0.342,-31.905,4.99
1024,14,13,0,1,0,0,0,1,18726,12859,0,0,-0.454,-179.541,2.93
1024,14,13,0,1,0,1,0,0,17465,43658,0,0,-0.712,-166.958,3.659
1024,14,13,0,0,0,1,0,0,15486,36297,0,0,-0.742,-133.985,3.239
1024,15,13,1,1,0,0,0,1,25996,18806,0,0,-0.554,-795.177,4.43
1024,15,13,1,1,0,1,0,0,24329,61994,0,0,-0.596,-545.843,5.419
1024,15,13,1,0,0,1,0,0,21477,52057,0,0,-0.457,-365.238,4.846
1024,23,13,2,1,0,0,0,1,42109,33921,0,0,-1.093,-6923.189,6.477
1024,23,13,2,1,0,1,0,0,38853,98092,0,0,-0.557,-331.809,7.87
1024,23,13,2,0,0,1,0,0,34794,84024,0,0,-0.596,-435.154,7.074
4096,14,13,0,1,0,0,0,1,31162,16676,0,0,-1.213,-1953.761,4.071
4096,14,13,0,1,0,1,0,0,29674,55527,0,0,-1.414,-2243.653,4.949
4096,14,13,0,0,0,1,0,0,27320,47058,0,0,-0.883,-782.229,4.55
4096,15,13,1,1,0,0,0,1,43583,24990,0,0,-1.401,-33068.676,6.613
4096,15,13,1,1,0,1,0,0,41266,82003,0,0,-1.351,-28280.582,8.218
4096,15,13,1,0,0,1,0,0,37539,68106,0,0,-2.154,-41206.648,7.312
4096,25,13,2,1,0,0,0,1,68492,46625,0,0,-1.473,-30193.299,9.621
4096,25,13,2,1,0,1,0,0,63813,132692,0,0,-1.106,-20254.809,11.241
4096,25,13,2,0,0,1,0,0,58238,111314,0,0,-1.17,-12431.884,10.26
